J,b0,bi,k,dlt,p,d,tau
0.0694092595017504,-6.69680394257951,-9,-1.88605664769316,0.0203612826477079,4.47960409904391,-1.44369749923271,1
0.0577774679324727,-6.72807096955571,-33.578508928959,-1.91731888406281,0.0523306888565285,4.53905638046783,-1.4186632316041,0.736912401979543
