J,b0,bi,k,dlt,p,d,tau
0.0694092595017485,2.01e-07,1e-09,0.013,1.048,30172,0.036,10
0.0580465837737999,1.97963014721381e-07,1.11399199172597e-09,0.0131199935513555,1.00597314994314,30559.4920707429,0.0351540101522651,9.21599883192866
