J,b0,bi,k,dlt,p,d,tau
0.132862639356237,9.203e-06,1.1e-08,0.013,0.851,548,0.055,12
0.0734099909479668,1.80546233409513e-05,1.64883754446051e-08,0.0215171117828989,0.594726498909752,291.686385410427,0.0704153152889967,0.253634832338567
