J,b0,bi,k,dlt,p,d,tau
0.132862639356235,-5.03607057797344,-7.95860731484177,-1.88605664769316,-0.0700704399154121,2.73878055848437,-1.25963731050576,1.07918124604762
0.0632576976957399,-4.8659003014558,-5.30096763289646,-1.20354846934028,-0.13747566843821,2.58406612502196,-1.03648414978278,0.793099085934042
