J,b0,bi,k,dlt,p,d,tau
0.00464687766748923,3.44968390669098e-07,1.58207693335175e-07,1.48602953032378,1.22656422666797,29104.0118783579,0.0361813751236474,3.84117808411215
0.0220191536626348,6.29554889352608e-07,1.76343483115857e-07,0.0420127665225742,0.402834819283223,7235.92525921852,0.0192520557163841,5.70501934369939
0.0580465837737999,1.97963014721381e-07,1.11399199172597e-09,0.0131199935513555,1.00597314994314,30559.4920707429,0.0351540101522651,9.21599883192866
0.073409990947966,1.80546233478596e-05,1.64883754418505e-08,0.0215171117947653,0.594726498584243,291.686385262412,0.0704153152736725,0.25363483181748
0.0137524685822606,5.52341217935325e-07,3.04938358359325e-07,0.170156124003023,0.880249404855594,12742.1945617619,0.0306879080995989,1.02269318263108
0.0340285408319849,2.80437181178654e-08,3.86996421577928e-09,0.0350126544365745,1.34860426469113,234920.733812477,0.0190654807146238,14.0556294271851
