J,b0,bi,k,dlt,p,d,tau
0.00793903815380336,4.09e-07,2.33e-07,0.249,0.775,14500,0.03,7
0.00464687766748978,3.44968390681421e-07,1.58207693356698e-07,1.48602953044508,1.22656422742874,29104.0118842082,0.0361813751350637,3.84117808399689
0.00428064852114549,2.0209e-07,1.2719e-07,0.41184,1.52453,41085.62299,0.03901,6
0.00419432522588915,1.99752046986694e-07,1.26501469774262e-07,0.330222337012882,1.51467937194224,40734.0976273412,0.0391364737174479,6.01093737969411
0.00449250155181009,2.0273e-07,1.2499e-07,1.81286,1.57038,42987.62471,0.03935,7
0.00448891393131961,2.02618929163507e-07,1.25061008222455e-07,1.78367369372555,1.57248686078635,42996.6432835512,0.0393830799645854,7.00605683388516
