J,b0,bi,k,dlt,p,d,tau
0.125623148745668,-7.24412514432751,-8.39794000867204,-1.67778070526608,-0.0856568428805593,4.95372104311863,-2.52287874528034,1.34242268082221
0.0556250968132916,-7.24237955447327,-8.95962269211542,-1.83041193347964,-0.114766526347399,4.95973115320744,-2.85112701821209,1.07072438873626
