J,b0,bi,k,dlt,p,d,tau
0.125623148745666,5.7e-08,4e-09,0.021,0.821,89892,0.003,22
0.0340285408319849,2.80437181178654e-08,3.86996421577928e-09,0.0350126544365745,1.34860426469113,234920.733812477,0.0190654807146238,14.0556294271851
