beta0,beta_infty,k,dlt,p,d,tau
2.0209e-07,1.2719e-07,0.41184,1.52453,41085.62299,0.03901,6
4.1205e-07,9.9623e-08,0.03291,0.51576,11563.55961,0.02501,6
2.0301e-07,8.4588e-16,0.0132,0.97946,29382.88451,0.03439,10
1.1951e-06,9.2262e-07,0.43713,4.15686,10980.08977,0.10254,13
2.9663e-07,2.0198e-07,0.18906,1.34474,23745.98087,0.03773,6
2.0375e-08,1.0302e-07,0.1101,5.23275,781644.29827,3.9911e-17,21
