beta0,beta_infty,k,dlt,p,d,tau
4.15518494114624e-07,2.43178121352134e-07,0.338654568322982,0.750475461373636,14398.7445102782,0.0284427234349096,7
3.49181891889817e-07,4.23067160382248e-08,0.022837168250813,0.424023940776546,12296.353035992,0.0142459083493879,24
1.58949904466641e-07,5.23608287625652e-10,0.0126617251443997,1.09088975575912,39230.2079131695,0.0361460887126785,10
2.78807728009775e-05,3.8717891563641e-08,-0.023610123197695,0.247044249890602,142.292983280147,0.0136548577783427,12
3.91010306348926e-07,2.47927492351607e-07,0.460313401744771,1.15153408788248,18593.3162907173,0.0333278383493622,5
2.72519481021088e-08,-1.20810927815228e-08,0.0784147813275543,0.759424872334321,189094.815836418,-0.00610039307922058,22
