beta0,beta_infty,k,dlt,p,d,tau
2.01823264226001e-07,1.27463649158537e-07,0.379388048133137,1.53085042207246,40960.8178503942,0.0392170844117238,6
2.37133403121665e-07,1.30377693718465e-07,0.428121578052808,1.78681796320106,39438.3146948199,0.0203159204918522,6
1.0580922951278e-07,3.96604701034178e-08,0.0226700654454208,1.65779384069567,73751.1849010004,0.0497873121827514,6
2.10724991785328e-07,2.10725051350121e-07,-0.350348074221411,3.19241084497616,50043.5105691589,0.0491186070851773,6
2.32160855671787e-07,1.61017082038895e-07,0.56891552294477,1.81602866960292,37744.2965956442,0.0386185105221465,6
6.45047492008626e-08,6.12303386412589e-08,4.76488946383017,0.386020689746166,68519.5763237937,-0.0318365166823482,6
