beta0,beta_infty,k,dlt,p,d,tau
2.01823264226001e-07,1.27463649158537e-07,0.379388048133137,1.53085042207246,40960.8178503942,0.0392170844117238,6
3.08861555345296e-07,1.03206477013069e-07,0.052195347631552,0.850670980496982,18438.8265051666,0.0496570654940272,6
1.58699896646689e-07,-7.30376494204683e-14,0.0125967223329084,1.09092397262164,39292.3215442583,0.0361196605685672,10
1.38982788926896e-06,1.17316133786509e-06,2.73352434451721,4.51779435962072,10089.6890921496,0.0625764013861708,13
3.06028872990183e-07,2.0322710744405e-07,0.619459119125241,1.41879756086485,25525.0075788864,0.0359314611869835,6
2.37154322247889e-08,8.71948552652637e-08,0.115994905152154,7.31681148896397,881754.73561725,3.5426234202494e-16,21
