J,b0,bi,k,dlt,p,d,tau
0.034145293099366,4.31e-07,1.4e-07,0.077,0.42,10000,0.021,24
0.0220191536626349,6.29554889340998e-07,1.76343483103595e-07,0.0420127665172986,0.402834819267239,7235.92525927813,0.0192520557148389,5.70501934371444
