J,b0,bi,k,dlt,p,d,tau
0.034145293099366,4.31e-07,1.4e-07,0.077,0.42,10000,0.021,24
0.0220191536626357,6.29554889446885e-07,1.76343480891337e-07,0.0420127656789345,0.402834817144393,7235.92524723259,0.0192520555877993,5.70501934591828
