J,b0,bi,k,dlt,p,d,tau
0.0341452930993653,-6.36552272983927,-6.85387196432176,-1.11350927482752,-0.3767507096021,4,-1.67778070526608,1.38021124171161
0.019558263194577,-6.30062883939027,-7.27462651271912,-1.6861511328186,-0.333751232580087,3.9834408428753,-1.68762233085424,0.230503098904279
