J,b0,bi,k,dlt,p,d,tau
0.249665519239411,2.94704833184519e-06,2.06307206102781e-06,27.0126571782705,2.57713795653407,3144.13296704161,0.986368722658229,28
