patient,dpi,log_vRNA
CHID32,12,3.0056094453602804
CHID32,17,4.168409083519626
CHID32,19,4.534191157386517
CHID32,24,4.405414666951865
CHID32,31,3.0927206446840994
CHID32,33,3.57611089412084
CHID32,44,3.6022770843001926
CHID32,46,3.527887565952705
