patient,dpi,log_vRNA
CHID40,14,4.003503614742536
CHID40,16,4.526494354871193
CHID40,21,5.849155193937991
CHID40,23,6.040400571771011
CHID40,29,4.8038734563250545
CHID40,38,4.148726016398147
CHID40,46,3.970950934345424
