patient,dpi,log_vRNA
CHID08,0,-3.0
CHID08,12,2.9661417327390325
CHID08,14,4.383707676312094
CHID08,19,6.750627944371829
CHID08,24,6.8119930141407306
CHID08,26,6.360983232736583
CHID08,31,4.420137354593826
CHID08,33,4.241172786770047
