patient,dpi,log_vRNA
CHID46,0,-3.0
CHID46,13,4.037824750588342
CHID46,16,5.03382569395331
CHID46,20,5.903089986991944
CHID46,23,5.964858081947589
CHID46,27,5.531989551412551
CHID46,30,4.8909795969896885
CHID46,36,4.439963935920905
CHID46,38,4.167317334748176
CHID46,43,4.263399331334003
