dpi,log_vRNA
13,4.037824750588342
16,5.03382569395331
20,5.903089986991944
23,5.964858081947589
27,5.5319895514125506
30,4.8909795969896885
36,4.439963935920905
38,4.1673173347481764
43,4.263399331334003
