patient,IgM,IgG,IgM_IgG
CHID46,0.261554054054054,0.241567567567568,0.503121621621622
CHID77,0.3176,0.0669230769230769,0.362
CHID79,0.154923076923077,0.0642219020172911,0.190846153846154
CHID32,0.224461538461539,0.0975769230769231,0.322038461538461
CHID40,0.117884615384615,0.229596153846154,0.347480769230769
CHID08,0.0939615384615385,0.113100638977636,0.197189189189189
