J,b0,bi,k,dlt,p,d,tau
0.00793903815380336,4.09e-07,2.33e-07,0.249,0.775,14500,0.03,7
0.034145293099366,4.31e-07,1.4e-07,0.077,0.42,10000,0.021,24
0.0694092595017485,2.01e-07,1e-09,0.013,1.048,30172,0.036,10
0.132862639356237,9.203e-06,1.1e-08,0.013,0.851,548,0.055,12
0.0215825014052963,4.85e-07,2.91e-07,0.096,0.803,11425,0.033,5
0.125623148745666,5.7e-08,4e-09,0.021,0.821,89892,0.003,22
