J,b0,bi,k,dlt,p,d,tau
0.0215825014052937,-6.31425826139774,-6.53610701101409,-1.01772876696043,-0.095284454721319,4.05785620874189,-1.48148606012211,0.698970004336019
0.0148004988038734,-6.3264007809893,-6.46572808389963,-0.291040903318167,-0.112990798977232,4.05052612408114,-1.57263322540951,1.0010453739864
