J,b0,bi,k,dlt,p,d,tau
0.0215825014052963,4.85e-07,2.91e-07,0.096,0.803,11425,0.033,5
0.0137524685822606,5.52341217935325e-07,3.04938358359325e-07,0.170156124003023,0.880249404855594,12742.1945617619,0.0306879080995989,1.02269318263108
