J,b0,bi,k,dlt,p,d,tau
0.00793903815380361,4.09e-07,2.33e-07,0.249,0.775,14500,0.03,7
0.00531267960134709,4.28805571351955e-07,2.09197370611554e-07,0.572388229257911,0.929267911045431,18879.7581876526,0.0320696861718638,3.9416518137499
