J,b0,bi,k,dlt,p,d,tau
0.00793903815380462,-6.38827669199266,-6.63264407897398,-0.603800652904264,-0.11069829749369,4.16136800223498,-1.52287874528034,0.845098040014257
0.0065875171516734,-6.38709283757466,-6.62475454291811,-0.501430509343578,-0.0947686326287857,4.17952199119658,-1.52122717789868,0.813346473446605
