patient,IgM,IgG,IgM+IgG
CHID46,0.2615540540540541,0.2415675675675676,0.5031216216216217
CHID77,0.31760000000000005,0.06692307692307692,0.36200000000000004
CHID79,0.15492307692307694,0.06422190201729108,0.19084615384615386
CHID32,0.22446153846153852,0.09757692307692309,0.3220384615384615
CHID40,0.11788461538461538,0.22959615384615384,0.3474807692307692
CHID08,0.09396153846153847,0.1131006389776358,0.1971891891891892
